PACKAGETYPE,DEVICE,PROCESSSPEC,LOT,QTY,STEP,SHIPDATE,OPN,PACKINGTYPE,TESTMACHINE,SCHEDULETYPE,STARTDATE,HOLD,SHELFLOCATION,COMMENTS,STEPGROUP,STEPGROUPSEQUENCE,DATECODE
E2A024,S11091A,PF-61858 06M,1S523290EN7,2704,Lot_Preparation,2025-04-02,S70KL1282DPBHV023,03 13 IN. TAPE&REEL,T5593,UTS JIT Schedule,2025-03-28,,,,,,2511
E2A024,S11091A,PF-61923 06M,1S523290EN8,3718,Lot_Preparation,2025-04-02,S70KL1282GABHV020,0010 TRAY,T5593,UTS JIT Schedule,2025-03-28,,,,,,2511
E2A024,S11091A,PF-63907 06M,1S516329EM1,5008,Lot_Preparation,2025-04-02,S70KL1282DPBHI020,0010 TRAY,T5593,UTS JIT Schedule,2025-03-28,,,,,,2504
ELA024,S262A2UT,PF-81271 06M,1S523577EM1,17555,Pack_TR,2025-04-02,S71KL256SC0BHB003,03 13 IN. TAPE&REEL,V5500-128,AssyPending,2025-03-20,,,,,,2511
FAB024,98289A2X,PF-43711 06M,1S524587EM1,10047,Test2,2025-04-02,8909005437,03 13 IN. TAPE&REEL,V5500-320,AssyPending,2025-03-26,,,,,,2513
FAB024,98289A2X,PF-43711 06M,1S524588EM1,8916,Test2,2025-04-02,8909005437,03 13 IN. TAPE&REEL,V5500-320,AssyPending,2025-03-26,,,,,,2513
FAB024,98740A2XU,PF-59637 06C,1S524602EM1,7680,Ball_Vision_Inspection,2025-04-02,S25FL128SAGBHIA10,0005 TRAY,V5500-320,UTS JIT Schedule,2025-03-25,,,,,,2512
FAB024,98740A2XU,PF-59637 06C,1S525330EM1,10258,Test1,2025-04-02,S25FL128SAGBHIA10,0005 TRAY,V5500-320,AssyPending,2025-03-27,,,,,,2513
FAB024,98740AX,PF-59635 06C,1S524589EM1,6760,Pack,2025-04-02,S25FL128SAGBHIA00,0005 TRAY,V5500-320,UTS JIT Schedule,2025-03-25,,,,,,2512
FAB024,98SZ1A2,PF-58257 06M,1S524560EM1,22405,Pack_TR,2025-04-02,34256350A.02,03 13 IN. TAPE&REEL,V5500-320,UTS JIT Schedule,2025-03-24,,,,,,2512/2512
FAB024,98UZ0A2N,PF-84481 06M,1S522699EM1,42544,QAEXCEL1,2025-04-02,F030109087,03 13 IN. TAPE&REEL,MAG5,UTS JIT Schedule,2025-03-23,,,,,,2512
FAB024,98UZ0A2N,PF-85169 06M,1S523525EM1,43672,QAEXCEL1,2025-04-02,34264348A.02,03 13 IN. TAPE&REEL,MAG5,UTS JIT Schedule,2025-03-21,Y,HOLD. 6,FAIL B/O (HOLD. 6),,,2512
FAB024,98UZ0A3,PF-59390 06M,1S525022EM1,23145,Test2,2025-04-02,H00.025-93,03 13 IN. TAPE&REEL,MAG5,UTS JIT Schedule,2025-03-27,,,,,,2513
FAB024,98UZ0A3,PF-59390 06M,1S525023EM1,30251,Test2,2025-04-02,H00.025-93,03 13 IN. TAPE&REEL,MAG5,UTS JIT Schedule,2025-03-26,,,,,,2513
FAB024,98UZ0A3N,PF-79082 06M,1S524670EM1,22561,Test2,2025-04-02,00004023132,03 13 IN. TAPE&REEL,MAG5,AssyPending,2025-03-26,,,,,,2513
FAB024,98UZ0A3N,PF-84390 06M,1S524666EM1,24052,Top_Mark_After_Test_Inspection,2025-04-02,S25FS512SFABHB210,0001 TRAY,MAG5,UTS JIT Schedule,2025-03-25,,,,,,2513
FAB024,98UZ0A3N,PS_A_98UZ0A3NFAB024VE,1S524672EM1,17786,Untested_Store,2025-04-02,,,MAG5,UTS JIT Schedule,2025-03-28,,,,,,2513
LAA064,98741A2,PF-62391 06C,1S524036EM7,1792,Ball_Vision_Inspection,2025-04-02,S29GL128S10FHI010,0010 TRAY,V5500-384,UTS JIT Schedule,2025-03-20,,,,,,2512
LAA064,98741A2L,PF-62329 06M,1S523123EM1,1109,Pack_TR,2025-04-02,S29GL128S11FHBV23,03 13 IN. TAPE&REEL,V5500-384,UTS JIT Schedule,2025-03-20,,,,,,2511
LAA064,98741A2L,PF-62329 06M,1S524036EM1,3545,Pack_TR,2025-04-02,S29GL128S11FHBV23,03 13 IN. TAPE&REEL,V5500-384,UTS JIT Schedule,2025-03-20,,,,,,2512
LAA064,98871A1,PF-47621 06C,1S524297EO0,710,Ball_Vision_Inspection,2025-04-02,S29GL01GT11FHIV20,0002 TRAY,V5500-384,UTS JIT Schedule,2025-03-25,,,,,,2512
LAA080,98P05A3,PS_A_98P05A3 LAA080HB,1S524506EM1,3702,Untested_Store,2025-04-02,,,X64,UTS JIT Schedule,2025-03-30,,,,,,2512
LAE064,98223A2L,PF-61679 06M,1S524603EM1,4400,Top_Mark_After_Test_Inspection,2025-04-02,8 611 200 138,03 13 IN. TAPE&REEL,V5500-384,AssyPending,2025-03-27,,,,,,2512
LAE064,98223B2,PF-59740 06C,1S523591EN6,3120,Test1,2025-04-02,S29GL256S90DHI010,0010 TRAY,V5500-384,UTS JIT Schedule,2025-03-28,,,,,,2511
LAE064,98223B2L,PF-59742 06C,1S523591EM1,7412,Lot_Preparation,2025-04-02,S29GL256S90DHI020,0010 TRAY,V5500-384,UTS JIT Schedule,2025-03-28,,,,,,2511
LAE064,98223B2L,PF-82647 06M,1S523582EN2,2600,Ball_Vision_Inspection,2025-04-02,949587-9870,0010 TRAY,V5500-384,UTS JIT Schedule,2025-03-23,,,,,,2506/2511
LAE064,98223B2L,PF-89218 06M,1S522539EM1,9699,Test2,2025-04-02,S29GL256S90DHA023,03 13 IN. TAPE&REEL,V5500-384,UTS JIT Schedule,2025-03-27,,,,,,2511
LAE064,98290B2,PF-83241 06M,1S523507EM1,3457,Ball_Vision_Inspection,2025-04-02,949588-1750,0005 TRAY,V5500-384,UTS JIT Schedule,2025-03-23,,,,,,2511
LAE064,98292A1,PF-62567 06M,1S524591EM1,5459,QAEXCEL1,2025-04-02,28456781,03 13 IN. TAPE&REEL,V5500-384,AssyPending,2025-03-25,,,,,,2512
LAE064,98292A1,PF-62567 06M,1S524592EM1,8800,Dry_Pack,2025-04-02,28456781,03 13 IN. TAPE&REEL,V5500-384,AssyPending,2025-03-25,,,,,,2509/2512
LAE064,98292A1,PF-62567 06M,1S524593EM1,10855,Test2,2025-04-02,28456781,03 13 IN. TAPE&REEL,V5500-384,AssyPending,2025-03-26,,,,,,2512
LAE064,98292A1,PF-62567 06M,1S524594EM1,5512,Test2,2025-04-02,28456781,03 13 IN. TAPE&REEL,V5500-384,AssyPending,2025-03-26,,,,,,2512
LAE064,98292A1,PF-62567 06M,1S524595EM1,11114,Test2,2025-04-02,28456781,03 13 IN. TAPE&REEL,V5500-384,AssyPending,2025-03-27,,,,,,2512
LAE064,98292A1,PF-62567 06M,1S524596EM1,4785,Lot_Preparation,2025-04-02,28456781,03 13 IN. TAPE&REEL,V5500-384,AssyPending,2025-03-28,,,,,,2512
LAE064,98537A2L,PF-61832 06M,1S522532EM1,5605,Test1,2025-04-02,8611200999,03 13 IN. TAPE&REEL,V5500-384,UTS JIT Schedule,2025-03-24,Y,N022D,TSM hang up and summary loss yield=93.72% prog.FP53730GM @110,,,2510
LAE064,98537A2L,PF-61832 06M,1S524605EM1,2792,Ball_Vision_Inspection_TR,2025-04-02,8611200999,03 13 IN. TAPE&REEL,V5500-384,AssyPending,2025-03-24,,,,,,2512
LAE064,98537A2L,PF-61832 06M,1S524607EM1,5272,Test2,2025-04-02,8611200999,03 13 IN. TAPE&REEL,V5500-384,UTS JIT Schedule,2025-03-26,,,,,,2512
LAE064,98537A2L,PF-61832 06M,1S524608EM1,5301,Lot_Preparation,2025-04-02,8611200999,03 13 IN. TAPE&REEL,V5500-384,AssyPending,2025-03-26,,,,,,2512
LAE064,98537A2L,PF-61832 06M,1S524609EM1,5498,Lot_Preparation,2025-04-02,8611200999,03 13 IN. TAPE&REEL,V5500-384,AssyPending,2025-03-27,,,,,,2512
LAE064,98661B2,PF-60895 06C,1S523501EM1,1340,Ball_Vision_Inspection,2025-04-02,S29GL01GS12DHIV10,0002 TRAY,V5500-384,UTS JIT Schedule,2025-03-24,,,,,,2503/2511
LAE064,98741A2L,PF-81349 06M,1S523534EM1,3816,Lot_Preparation,2025-04-02,VZ122046,03 13 IN. TAPE&REEL,V5500-384,UTS JIT Schedule,2025-03-30,,,,,,2511
LAE064,98741A2L,PF-81349 06M,1S523535EM1,4174,Lot_Preparation,2025-04-02,VZ122046,03 13 IN. TAPE&REEL,V5500-384,UTS JIT Schedule,2025-03-30,,,,,,2511
LAE064,98741B2L,PF-81366 06M,1S522547EM1,3135,Ball_Vision_Inspection_TR,2025-04-02,VZ122046,03 13 IN. TAPE&REEL,V5500-384,UTS JIT Schedule,2025-03-25,,,,,,2511
LAE064,98871A1,PF-61385 06M,1S523585EM1,12277,Ball_Vision_Inspection,2025-04-02,S29GL01GT11DHB020,0001 TRAY,V5500-384,UTS JIT Schedule,2025-03-22,,,,,,2511
LAE064,98871A1,PF-61385 06M,1S525373EM1,14272,Ball_Vision_Inspection,2025-04-02,S29GL01GT11DHB020,0001 TRAY,V5500-384,UTS JIT Schedule,2025-03-24,,,,,,2511
LAE064,98K38B2,PF-60332 06C,1S523584EM1,5163,Lot_Preparation,2025-04-02,S29AL016J70FFI012,02 7 IN. TAPE&REEL,X64,UTS JIT Schedule,2025-03-29,,,,,,2511
LSH064,S871A1UW,PF-51082 06M,1S522348EM1,1793,Test1,2025-04-02,S70GL02GT12FHBV23,03 13 IN. TAPE&REEL,V5500-384,UTS JIT Schedule,2025-03-19,Y,,Parameter violations occurred at:BIN07;ELEC!,,,2510
LSH064,S871A1UW,PF-51082 06M,1S525015EM1,1825,Test1,2025-04-02,S70GL02GT12FHBV23,03 13 IN. TAPE&REEL,V5500-384,AssyPending,2025-03-24,Y,,Parameter violations occurred at:ELEC!,,,2512
PQR080,98N05A2B,PF-50385 06M,1S525209EM1,1709,Test2,2025-04-02,28152175,03 13 IN. TAPE&REEL,X64,UTS JIT Schedule,2025-03-24,,,,,,2439
PQR080,98N05A2B,PF-50385 06M,1S525210EM1,1488,Test2,2025-04-02,28152175,03 13 IN. TAPE&REEL,X64,UTS JIT Schedule,2025-03-25,,,,,,2439
PQR080,98N05A2B,PF-50385 06M,1S525211EM1,1584,Test2,2025-04-02,28152175,03 13 IN. TAPE&REEL,X64,UTS JIT Schedule,2025-03-26,,,,,,2439
PQR080,98N05A2B,PF-50385 06M,1S526146EM1,1980,Test1,2025-04-02,28152175,03 13 IN. TAPE&REEL,X64,UTS JIT Schedule,2025-03-29,,,,,,2439
R3A096,7CP64716A,PF-93805 06D,1S522317EM1,19061,Test1,2025-03-28,CP10359ATT,"0N 13 IN. TAPE&REEL 7"" HUB SIZE",V93K,UTS JIT Schedule,2025-03-16,Y,,Parameter violations occurred at:ELEC;CRITICAL!,,,2507
R3A096,7CP64716A,PF-93805 06D,1S523231EM1,19113,Test1,2025-03-28,CP10359ATT,"0N 13 IN. TAPE&REEL 7"" HUB SIZE",V93K,UTS JIT Schedule,2025-03-22,Y,,Parameter violations occurred at:ELEC;CRITICAL!,,,2507
R3A096,7CP64716A,PF-93805 06D,1S523243EM1,18857,Test1,2025-03-28,CP10359ATT,"0N 13 IN. TAPE&REEL 7"" HUB SIZE",V93K,UTS JIT Schedule,2025-03-23,Y,,Parameter violations occurred at:ELEC;CRITICAL!,,,2507
SO3016,98222A2,PF-14804 06C,1S526113EM1,9040,Lead_Vision_Inspection_TR,2025-04-02,S25FL256SAGMFI003,03 13 IN. TAPE&REEL,V5500-320,SPI&FIMK,2025-03-26,,,,,,2511
SO3016,98222A2U,PF-49486 06M,1S525503EM1,7987,Lead_Vision_Inspection,2025-04-02,0791077009RQA00,0010 TRAY,V5500-320,SPI&FIMK,2025-03-23,,,,,,2509
SO3016,98222A2U,PF-49486 06M,1S525504EM1,9815,Test2,2025-04-02,0791077009RQA00,0010 TRAY,V5500-320,SPI&FIMK,2025-03-24,,,,,,2509
SO3016,98222A2U,PF-57284 06M,1S525499EM1,3955,Test2,2025-04-02,S25FL256SDSMFB010YZK000,0010 TRAY,V5500-320,SPI&FIMK,2025-03-23,,,,,,2510
SO3016,98222A2U,PF-57284 06M,1S525500EM1,2856,Test2,2025-04-02,S25FL256SDSMFB010YZK000,0010 TRAY,V5500-320,SPI&FIMK,2025-03-23,Y,,,,,2510
SO3016,98222A2U,PF-57284 06M,1S525502EM1,8667,Lead_Vision_Inspection,2025-04-02,S25FL256SDSMFB010YZK000,0010 TRAY,V5500-320,SPI&FIMK,2025-03-23,,,,,,2510
SO3016,98222A2Y,PF-42509 06M,1S526004EM1,23459,Test2,2025-04-02,S25FL256SAGMFBG00,0010 TRAY,V5500-320,SPI&FIMK,2025-03-24,,,,,,2510
SO3016,98222A2Y,PF-42509 06M,1S526114EM1,23793,Test1,2025-04-02,S25FL256SAGMFBG00,0010 TRAY,V5500-320,SPI&FIMK,2025-03-26,,,,,,2510
SO3016,98222AU,PF-50936 06M,1S526005EM1,21416,Test2,2025-04-02,0791073479RQA00,0010 TRAY,V5500-320,SPI&FIMK,2025-03-24,,,,,,2509
SO3016,98222AU,PF-50936 06M,1S526006EM1,24627,Test2,2025-04-02,0791073479RQA00,0010 TRAY,V5500-320,SPI&FIMK,2025-03-25,,,,,,2510
SO3016,98222AU,PF-50936 06M,1S526007EM1,23991,Test2,2025-04-02,0791073479RQA00,0010 TRAY,V5500-320,SPI&FIMK,2025-03-25,,,,,,2510
SO3016,98222AU,PF-50936 06M,1S526115EM1,16431,Test2,2025-04-02,0791073479RQA00,0010 TRAY,V5500-320,SPI&FIMK,2025-03-26,,,,,,2510
SO3016,98222AU,PF-50936 06M,1S526116EM1,12503,Test1,2025-04-02,0791073479RQA00,0010 TRAY,V5500-320,SPI&FIMK,2025-03-27,,,,,,2510
SO3016,98222AU,PF-50936 06M,1S526117EM1,23783,Test1,2025-04-02,0791073479RQA00,0010 TRAY,V5500-320,SPI&FIMK,2025-03-27,,,,,,2510
SO3016,98222AU,PF-50936 06M,1S526230EM1,24121,Tube_Transfer_To_Tray,2025-04-02,0791073479RQA00,0010 TRAY,V5500-320,SPI&FIMK,2025-03-28,,,,,,2510
SO3016,98222AU,PF-50936 06M,1S526231EM1,24405,Tube_Transfer_To_Tray,2025-04-02,0791073479RQA00,0010 TRAY,V5500-320,SPI&FIMK,2025-03-28,,,,,,2510
SO3016,98222AU,PF-50936 06M,1S526232EM1,24451,Test1,2025-04-02,0791073479RQA00,0010 TRAY,V5500-320,SPI&FIMK,2025-03-28,,,,,,2510
SO3016,98TZ1A0X,PF-53546 06M,1S525194EM1,10764,Pack_TR,2025-04-02,A2C02864400,03 13 IN. TAPE&REEL,V5500-320,SPI&FIMK,2025-03-22,,,,,,2510
SOC008,98RZ9A,PF-49935 06C,1S526157EM1,25402,Test1,2025-04-02,S25FL064LABMFI010,0010 TRAY,V5500-384,SPI&FIMK,2025-03-29,,,,,,2511
SOC008,98RZ9A,PF-49936 06C,1S526081EM1,16961,Test1,2025-04-02,S25FL064LABMFI013,03 13 IN. TAPE&REEL,V5500-384,SPI&FIMK,2025-03-29,,,,,,2511
SOC008,98RZ9A,PF-49936 06C,1S526082EM1,25669,Test1,2025-04-02,S25FL064LABMFI013,03 13 IN. TAPE&REEL,V5500-384,SPI&FIMK,2025-03-29,,,,,,2511
SOC008,98RZ9A,PF-50415 06M,1S526158EM1,16803,Test1,2025-04-02,S25FL064LABMFB010,0010 TRAY,V5500-384,SPI&FIMK,2025-03-29,,,,,,2511
SOC008,98RZ9A,PF-51184 06M,1S526072EM1,8171,Test2,2025-04-02,S25FL064LABMFA013,03 13 IN. TAPE&REEL,V5500-384,SPI&FIMK,2025-03-25,,,,,,2511
SOC008,98RZ9A,PF-51212 06M,1S526078EM1,15742,Test2,2025-03-29,S25FL064LABMFM013,03 13 IN. TAPE&REEL,V5500-384,SPI&FIMK,2025-03-25,,,,,,2511
SOC008,98RZ9A,PF-51212 06M,1S526079EM1,24439,Test2,2025-03-29,S25FL064LABMFM013,03 13 IN. TAPE&REEL,V5500-384,SPI&FIMK,2025-03-25,,,,,,2511
SOC008,98RZ9A,PF-51212 06M,1S526080EM1,25679,Test2,2025-03-29,S25FL064LABMFM013,03 13 IN. TAPE&REEL,V5500-384,SPI&FIMK,2025-03-26,,,,,,2511
SS3016,U222A2TB,PF-82952 06M,1S526120EM1,12070,Test1,2025-04-02,A2C02387400,03 13 IN. TAPE&REEL,V5500-192,SPI&FIMK,2025-03-27,,,,,,2509
SS3016,U222A2TB,PF-82952 06M,1S526121EM1,3016,Test1,2025-04-02,A2C02387400,03 13 IN. TAPE&REEL,V5500-192,SPI&FIMK,2025-03-28,,,,,,2509
SS3016,U222A2TB,PF-82952 06M,1S526122EM1,6014,Test1,2025-04-02,A2C02387400,03 13 IN. TAPE&REEL,V5500-192,SPI&FIMK,2025-03-28,,,,,,2510
TS048,7AP62167F,PS_T_0T_MBT_TRAYPACK_UTSFORSHIP,1S526228,5342,Top_Mark_Before_Test,2025-03-29,,,,UTS Non JIT Schedule,2025-03-27,Y,HOLD. 5,WAIT FOR K.WICHAPON VERIFY TOP MARK GENERATOR NOT MATCH.,,,2513
TS048,7CC172167A,PF-77575 06D,1S525117EM1,4265,Test1,2025-04-02,CY62167G30-45ZXI,0010 TRAY,T5581,UTS JIT Schedule,2025-03-27,,,,,,2507
TS048,98467B,PF-89012 06C,1S524404EM1,24443,Pack1,2025-03-30,S34ML04G300TFI000,00 TRAY PKGED,X128,UTS JIT Schedule,2025-03-26,,,,,,2512
TS048,98467B,PF-89012 06C,1S524439EM1,14989,Test1,2025-03-30,S34ML04G300TFI000,00 TRAY PKGED,X128,UTS JIT Schedule,2025-03-27,,,,,,2512
TS048,98467B,PF-89012 06C,1S524441EM1,20482,Pack1,2025-03-30,S34ML04G300TFI000,00 TRAY PKGED,X128,AssyPending,2025-03-25,,,,,,2512
TS048,98467B,PF-89012 06C,1S524450EM1,19958,Test1,2025-03-30,S34ML04G300TFI000,00 TRAY PKGED,X128,AssyPending,2025-03-27,,,,,,2512
TS048,98467B,PS_A_98467B TS 048CA,1S524446EM1,14984,Untested_Store,2025-03-31,,,X128,UTS JIT Schedule,2025-03-29,,,,,,2512
TS048,98467B,PS_A_98467B TS 048CA,1S524449EM1,19684,Untested_Store,2025-03-30,,,X128,UTS JIT Schedule,2025-03-28,,,,,,2512
TS048,98467B,PS_A_98467B TS 048CA,1S524451EM1,17582,Untested_Store,2025-03-30,,,X128,UTS JIT Schedule,2025-03-28,,,,,,2512
TS048,98467B,PS_A_98467B TS 048CA,1S524452EM1,19976,Untested_Store,2025-03-31,,,X128,UTS JIT Schedule,2025-03-29,,,,,,2512
TS048,98467B,PS_A_98467B TS 048CA,1S524453EM1,19815,Untested_Store,2025-03-30,,,X128,UTS JIT Schedule,2025-03-28,,,,,,2512
TS048,98467B,PS_A_98467B TS 048CA,1S524454EM1,19990,Untested_Store,2025-03-30,,,X128,UTS JIT Schedule,2025-03-28,,,,,,2512
TS048,98467B,PS_A_98467B TS 048CA,1S524455EM1,21447,Untested_Store,2025-03-31,,,X128,UTS JIT Schedule,2025-03-29,,,,,,2512
TS048,98799A1,PF-46528 06M,1S524459EM1,5089,Test1,2025-03-30,S34ML02G200TFB000,00 TRAY PKGED,X128,UTS JIT Schedule,2025-03-26,Y,,Parameter violations occurred at:BIN07;ELEC;CRITICAL!,,,2512
TS048,98H21B2B,PF-10306 06C,1S523557EM1,8644,Test1,2025-04-02,S29AL008J55TFIR20,0010 TRAY,X64,UTS JIT Schedule,2025-03-21,Y,,Parameter violations occurred at:ELEC;CRITICAL!,,,2511
TS048,98K38B2B,PF-57602 06M,1S523572EO2,1152,Test1,2025-04-02,A2C03281000,03 13 IN. TAPE&REEL,X64,UTS JIT Schedule,2025-03-25,Y,,,,,2511
TS056,98290B2L,PF-16324 06C,1S523699EM1,1257,Lead_Vision_Inspection_TR,2025-04-02,S29GL512S10TFI023,03 13 IN. TAPE&REEL,V5500-320,UTS JIT Schedule,2025-03-24,,,,,,2511
TS056,98741B,PF-62361 06C,1S524549EM1,3529,Lead_Vision_Inspection,2025-04-02,S29GL128S10TFIV10,0010 TRAY,V5500-320,AssyPending,2025-03-28,,,,,,2511/2513
TS056,98741B2,PF-82184 06M,1S524137EO2,1155,Test2,2025-04-02,S29GL128S10TFB013,03 13 IN. TAPE&REEL,V5500-320,UTS JIT Schedule,2025-03-25,,,,,,2511
TS056,98741B2,PF-82538 06M,1S524137EM1,3160,Lead_Vision_Inspection,2025-04-02,457780-8520,0010 TRAY,V5500-320,UTS JIT Schedule,2025-03-25,,,,,,2511
TS056,98741B2L,PF-84963 06M,1S524137EO3,2051,Test2,2025-04-02,955153-00027,0010 TRAY,V5500-320,UTS JIT Schedule,2025-03-25,Y,,Parameter violations occurred at:ELEC;CRITICAL!,,,2511
TS056,98871A1,PF-47749 06E,1S524528EN9,362,Lead_Vision_Inspection,2025-04-02,S29GL01GT12TFVV10,0002 TRAY,V5500-320,UTS JIT Schedule,2025-03-28,,,,,,2513
TS056,98871A1,PF-50384 06C,1S524528EO0,1174,Lead_Vision_Inspection_TR,2025-04-02,S29GL01GT10TFI013,03 13 IN. TAPE&REEL,V5500-320,UTS JIT Schedule,2025-03-27,,,,,,2513
TS056,98871A1,PF-51336 06E,1S524528EM1,3907,Top_Mark_After_Test_Inspection,2025-04-02,S29GL01GT12TFVV13,03 13 IN. TAPE&REEL,V5500-320,UTS JIT Schedule,2025-03-28,,,,,,2513
TS056,98U09A,29G128TFIR10 06D,1S524541EO8,1092,Lot_Preparation,2025-04-02,S29GL128P90TFIR10,0010 TRAY,X64,UTS JIT Schedule,2025-03-30,,,,,,2513
TS056,98U09A,29G12PTFI010 06D,1S524541EP0,2093,Lot_Preparation,2025-04-02,S29GL128P10TFI010,0010 TRAY,X64,UTS JIT Schedule,2025-03-30,,,,,,2513
TS056,98U09AL,29G128TFIR20 06D,1S524541EO9,2093,Lot_Preparation,2025-04-02,S29GL128P90TFIR20,0010 TRAY,X64,UTS JIT Schedule,2025-03-30,,,,,,2513
TS2048,U462A1UP,PF-17232 06M,1S524465EM1,4919,Test2,2025-03-29,S34ML08G101TFI003,03 13 IN. TAPE&REEL,X128,AssyPending,2025-03-24,,,,,,2512
TS2048,U462A1UP,PF-17232 06M,1S524469EM1,4934,Pack1_TR,2025-03-29,S34ML08G101TFI003,03 13 IN. TAPE&REEL,X128,AssyPending,2025-03-26,,,,,,2512
TS2048,U462A1UP,PF-17232 06M,1S524471EM1,5121,Test2,2025-03-29,S34ML08G101TFI003,03 13 IN. TAPE&REEL,X128,AssyPending,2025-03-25,,,,,,2512
VAA024,11087A,PF-59543 06M,1S521874EM1,3718,Pack,2025-03-26,S27KL0642DPBHB020,0001 TRAY,T5593,UTS JIT Schedule,2025-03-20,,,,,,2504/2509
VAA024,11087A,PF-84048 06M,1S521085EM1,10062,Lot_Preparation,2025-04-02,P770020DF20000,03 13 IN. TAPE&REEL,T5593,UTS JIT Schedule,2025-03-27,,,,,,2508
VAA024,11087A,PF-84061 06M,1S522411EM9,10140,Lot_Preparation,2025-04-02,P770020D-F20000,03 13 IN. TAPE&REEL,T5593,UTS JIT Schedule,2025-03-27,,,,,,2510
VAA024,11087A,PF-85810 06M,1S523402EM9,16900,Test1,2025-04-02,CA10217AF,0010 TRAY,T5593,UTS JIT Schedule,2025-03-26,,,,,,2512
VAA024,11087A,PF-86964 06M,1S523402EM1,24917,Test1,2025-04-02,F010681046-3999,03 13 IN. TAPE&REEL,T5593,UTS JIT Schedule,2025-03-26,,,,,,2512
VAA024,11087A,PF-97051 06M,1S523400EM1,20802,Lot_Preparation,2025-04-02,S27KL0642DPBHI023,03 13 IN. TAPE&REEL,T5593,UTS JIT Schedule,2025-03-28,,,,,,2511
VAA024,11087A,PF-97051 06M,1S523403EM1,20844,Top_Mark_Before_Test_Inspection,2025-04-02,S27KL0642DPBHI023,03 13 IN. TAPE&REEL,T5593,UTS JIT Schedule,2025-03-30,,,,,,2512
VAA024,11087A,PF-97051 06M,1S523404EM1,20860,Lot_Preparation,2025-04-02,S27KL0642DPBHI023,03 13 IN. TAPE&REEL,T5593,UTS JIT Schedule,2025-03-29,,,,,,2512
VAA024,11087A,PF-97051 06M,1S524509EM1,20935,Top_Mark_Before_Test_Inspection,2025-04-02,S27KL0642DPBHI023,03 13 IN. TAPE&REEL,T5593,UTS JIT Schedule,2025-03-29,,,,,,2512
VAA024,11090A,PF-59546 06M,1S516027EM9,2028,Pack,2025-03-26,S27KS0642GABHV020,0001 TRAY,T5593,UTS JIT Schedule,2025-03-22,,,,,,2503
VAA024,11091A,PF-59548 06M,1S523399EM9,2028,Ball_Vision_Inspection,2025-03-26,S27KL0642DPBHV020,0002 TRAY,T5593,UTS JIT Schedule,2025-03-22,,,,,,2511
VAA024,98133A2TS,PF-82519 06M,1S524808EM4,2028,Test1,2025-04-02,S26KS128SDPBHM020,0005 TRAY,V5500-128,UTS JIT Schedule,2025-03-26,Y,,Parameter violations occurred at:CRITICAL;ELEC!,,,2513
VAA024,98133A2TS,PF-82520 06M,1S524808EM1,5272,Test1,2025-04-02,S26KS128SDPBHM023,03 13 IN. TAPE&REEL,V5500-128,UTS JIT Schedule,2025-03-26,Y,,Parameter violations occurred at:ELEC;CRITICAL!,,,2513
VAA024,98262A2ML,PF-56503 06M,1S524823EM1,5398,Ball_Vision_Inspection_TR,2025-04-02,P770030DF9C000,03 13 IN. TAPE&REEL,V5500-128,UTS JIT Schedule,2025-03-26,,,,,,2512
VAA024,98262A2ML,PF-56503 06M,1S524825EM1,5971,Test3,2025-04-02,P770030DF9C000,03 13 IN. TAPE&REEL,V5500-128,UTS JIT Schedule,2025-03-26,,,,,,2512
VAA024,98262A2ML,PF-56504 06M,1S524824EM1,8094,Test3,2025-04-02,P770030D-F9C000,03 13 IN. TAPE&REEL,V5500-128,UTS JIT Schedule,2025-03-27,,,,,,2512
VAA024,98262A2ML,PF-56504 06M,1S524826EM1,5380,Test3,2025-04-02,P770030D-F9C000,03 13 IN. TAPE&REEL,V5500-128,UTS JIT Schedule,2025-03-27,,,,,,2512
VAA024,98262A2ML,PF-56504 06M,1S524826EM8,10784,Test2,2025-04-02,P770030D-F9C000,03 13 IN. TAPE&REEL,V5500-128,UTS JIT Schedule,2025-03-27,,,,,,2512
VAA024,98262A2ML,PF-56504 06M,1S524827EM1,3943,Test3,2025-04-02,P770030D-F9C000,03 13 IN. TAPE&REEL,V5500-128,UTS JIT Schedule,2025-03-27,,,,,,2513
VAA024,98262A2TS,PF-49837 06M,1S524828EM1,30766,Top_Mark_After_Test,2025-04-02,IS26KS256S-DPBLA200,0010 TRAY,MAG5,UTS JIT Schedule,2025-03-27,,,,,,2512
VAA024,98262A2TS,PF-49837 06M,1S524832EM1,17426,Test1,2025-04-02,IS26KS256S-DPBLA200,0010 TRAY,MAG5,UTS JIT Schedule,2025-03-28,,,,,,2513
VAA024,98262A2TS,PF-49837 06M,1S524833EM1,10646,Top_Mark_After_Test_Inspection,2025-04-02,IS26KS256S-DPBLA200,0010 TRAY,MAG5,UTS JIT Schedule,2025-03-28,,,,,,2513
VAA024,98262A2TS,PF-49837 06M,1S524834EM1,13217,Top_Mark_After_Test_Inspection,2025-04-02,IS26KS256S-DPBLA200,0010 TRAY,MAG5,UTS JIT Schedule,2025-03-28,,,,,,2513
VAA024,98UZ0A3NML,PF-57119 06M,1S507057EM1,6503,Ball_Vision_Inspection_TR,2025-04-02,P770091DF0C000,03 13 IN. TAPE&REEL,V5500-128,UTS JIT Schedule,2025-03-25,,,,,,2448
VAA024,98UZ0A3T,PS_A_98UZ0A3TVAA024VE,1S525472EM1,7262,Package_Saw,2025-04-02,,,V5500-128,AssyPending,2025-03-28,,,,,,2513
VAA024,98UZ0A3T,PS_A_98UZ0A3TVAA024VE,1S525473EM1,4633,Package_Saw,2025-04-02,,,V5500-128,AssyPending,2025-03-28,,,,,,2513
VAA024,98UZ0A3T,PS_A_98UZ0A3TVAA024VE,1S525474EM1,4110,Package_Saw,2025-04-02,,,V5500-128,AssyPending,2025-03-28,,,,,,2513
VAA024,98UZ0A3TS,PF-81182 06M,1S524836EM1,6760,Bake_In,2025-04-02,0791083439RCP00,0010 TRAY,V5500-128,UTS JIT Schedule,2025-03-24,,,,,,2504/2512
VAA024,98UZ1A1KL,PF-56993 06M,1S524813EM1,5906,Test1,2025-04-02,S26HL512TFPBHM010,0001 TRAY,M2X-480,UTS JIT Schedule,2025-03-27,,,,,,2512
VAC024,98WZ1A1KL,PF-82522 06M,1S523545EM1,15000,Dry_Pack,2025-04-02,P770225DF00000,03 13 IN. TAPE&REEL,MAG5,UTS JIT Schedule,2025-03-27,,,,,,2512/2512
VAC024,98WZ1A1KS,PF-62071 06M,1S523548EM1,6859,Test2,2025-04-02,S26HS01GTGABHB020,0002 TRAY,MAG5,UTS JIT Schedule,2025-03-28,,,,,,2512
VAC024,98WZ1A1KS,PF-62073 06M,1S523550EN1,10920,Test1,2025-04-02,S26HS01GTGABHB030,0001 TRAY,MAG5,UTS JIT Schedule,2025-03-28,,,,,,2512
VBK048,98784A2E,PF-58285 06C,1S524769EM1,4952,Lot_Preparation,2025-04-02,S29JL032J70BHI320,0005 TRAY,X64,UTS JIT Schedule,2025-03-27,,,,,,2512
VBK048,98H21B2,PF-59383 06M,1S524771EN4,676,Test1,2025-04-02,S29AL008J70BFA010,0010 TRAY,X64,UTS JIT Schedule,2025-03-24,Y,,Parameter violations occurred at:ELEC;CRITICAL!,,,2512
VBK048,98H21B2B,PF-58260 06C,1S524771EN3,2366,Test1,2025-04-02,S29AL008J70BFI023,03 13 IN. TAPE&REEL,X64,UTS JIT Schedule,2025-03-24,Y,,Parameter violations occurred at:ELEC;CRITICAL!,,,2512
VBK048,98K36B2,PF-58448 06C,1S522196EM1,11805,Test10,2025-04-02,S29AS016J70BFI033,03 13 IN. TAPE&REEL,,,,,,,,,2510
VBK048,98K36B2,PF-58448 06C,1S523157EM1,2431,Pack_TR,2025-04-02,S29AS016J70BFI033,03 13 IN. TAPE&REEL,X64,UTS JIT Schedule,2025-03-25,,,,,,2511
VBK048,98K36B2,PF-58448 06C,1S523158EM1,2398,Pack_TR,2025-04-02,S29AS016J70BFI033,03 13 IN. TAPE&REEL,X64,UTS JIT Schedule,2025-03-25,,,,,,2511
VBK048,98K36B2B,PF-59378 06C,1S523159EM1,2199,Pack_TR,2025-04-02,S29AS016J90BFV043,03 13 IN. TAPE&REEL,X64,UTS JIT Schedule,2025-03-24,,,,,,2511
VBK048,98M53A2,PF-58890 06C,1S522752EM1,9132,Ball_Vision_Inspection,2025-04-02,S29PL032J70BFI070,0005 TRAY,X64,UTS JIT Schedule,2025-03-26,,,,,,2510
VBM063,98467B,PF-89008 06C,1S524377EM1,24960,Pack1,2025-03-29,S34ML04G300BHI000,00 TRAY PKGED,X128,UTS JIT Schedule,2025-03-24,,,,,,2512
VBM063,98467B,PF-89008 06C,1S524379EM1,27187,Test1,2025-03-30,S34ML04G300BHI000,00 TRAY PKGED,X128,UTS JIT Schedule,2025-03-26,,,,,,2512
VBM063,98467B,PF-89008 06C,1S524380EM1,25325,Top_Mark_After_Test_Inspection,2025-03-29,S34ML04G300BHI000,00 TRAY PKGED,X128,UTS JIT Schedule,2025-03-24,,,,,,2512
VBM063,98467B,PF-89008 06C,1S524383EM1,12519,Test1,2025-03-29,S34ML04G300BHI000,00 TRAY PKGED,X128,UTS JIT Schedule,2025-03-24,,,,,,2512
VBM063,98467B,PF-89008 06C,1S524384EM1,21992,Test1,2025-03-30,S34ML04G300BHI000,00 TRAY PKGED,X128,UTS JIT Schedule,2025-03-26,,,,,,2512
VBM063,98467B,PF-89008 06C,1S524385EM1,28134,Bake_In,2025-03-29,S34ML04G300BHI000,00 TRAY PKGED,X128,UTS JIT Schedule,2025-03-24,,,,,,2512
VBM063,98467B,PF-89008 06C,1S524387EM1,19862,Test1,2025-03-30,S34ML04G300BHI000,00 TRAY PKGED,X128,UTS JIT Schedule,2025-03-26,,,,,,2512
VBM063,98467B,PF-89008 06C,1S524389EM1,26557,Test1,2025-03-30,S34ML04G300BHI000,00 TRAY PKGED,X128,UTS JIT Schedule,2025-03-26,,,,,,2512
VBM063,98467B,PF-89008 06C,1S524391EM1,16997,Lot_Preparation,2025-03-30,S34ML04G300BHI000,00 TRAY PKGED,X128,UTS JIT Schedule,2025-03-27,,,,,,2512
VBM063,98467B,PF-89008 06C,1S524393EM1,27706,Lot_Preparation,2025-03-30,S34ML04G300BHI000,00 TRAY PKGED,X128,UTS JIT Schedule,2025-03-27,,,,,,2512
VBM063,98467B,PF-89008 06C,1S524394EM1,17224,Lot_Preparation,2025-03-30,S34ML04G300BHI000,00 TRAY PKGED,X128,UTS JIT Schedule,2025-03-27,,,,,,2512
VBM063,98467B,PF-89008 06C,1S524395EM1,17357,Lot_Preparation,2025-03-30,S34ML04G300BHI000,00 TRAY PKGED,X128,UTS JIT Schedule,2025-03-27,,,,,,2512
VBM063,98467B,PF-89008 06C,1S524396EM1,26451,Lot_Preparation,2025-03-30,S34ML04G300BHI000,00 TRAY PKGED,X128,UTS JIT Schedule,2025-03-27,,,,,,2512
VBM063,98467B,PF-89008 06C,1S524397EM1,26701,Test1,2025-03-30,S34ML04G300BHI000,00 TRAY PKGED,X128,UTS JIT Schedule,2025-03-26,,,,,,2512
VBM063,98467B,PF-89008 06C,1S524488EM1,29990,Lot_Preparation,2025-03-30,S34ML04G300BHI000,00 TRAY PKGED,X128,UTS JIT Schedule,2025-03-28,,,,,,2512
VBM063,98467B,PF-89008 06C,1S524490EM1,10985,Top_Mark_After_Test_Inspection,2025-03-29,S34ML04G300BHI000,00 TRAY PKGED,X128,UTS JIT Schedule,2025-03-24,,,,,,2512
VBM063,98467B,PF-89008 06C,1S524492EM1,21670,Lot_Preparation,2025-03-30,S34ML04G300BHI000,00 TRAY PKGED,X128,UTS JIT Schedule,2025-03-27,,,,,,2512
VBM063,98467B,PF-89008 06C,1S524493EM1,25692,Lot_Preparation,2025-03-30,S34ML04G300BHI000,00 TRAY PKGED,X128,UTS JIT Schedule,2025-03-28,,,,,,2512
VBM063,98467B,PF-89008 06C,1S524494EM1,6985,Lot_Preparation,2025-03-31,S34ML04G300BHI000,00 TRAY PKGED,X128,UTS JIT Schedule,2025-03-29,,,,,,2512
VBM063,98467B,PF-89008 06C,1S524497EM1,5636,Lot_Preparation,2025-03-30,S34ML04G300BHI000,00 TRAY PKGED,X128,UTS JIT Schedule,2025-03-28,,,,,,2512
VBM063,98467B,PF-89008 06C,1S524499EM1,12349,Lot_Preparation,2025-03-31,S34ML04G300BHI000,00 TRAY PKGED,X128,UTS JIT Schedule,2025-03-29,,,,,,2513
VBM063,98467B,PS_A_98467B VBM063V2,1S524489EM1,29993,Untested_Store,2025-03-30,,,X128,UTS JIT Schedule,2025-03-28,,,,,,2512
VBM063,98467B,PS_A_98467B VBM063V2,1S524491EM1,23606,Untested_Store,2025-03-31,,,X128,UTS JIT Schedule,2025-03-29,,,,,,2512
VBM063,98467B,PS_A_98467B VBM063V2,1S524495EM1,29959,Untested_Store,2025-03-31,,,X128,AssyPending,2025-03-29,,,,,,2513
VBM063,98467B,PS_A_98467B VBM063V2,1S524496EM1,29994,Untested_Store,2025-03-31,,,X128,UTS JIT Schedule,2025-03-29,,,,,,2513
VBM063,98799A1E,PF-41205 06D,1S524501EM1,20207,Ball_Vision_Inspection_NAND,2025-03-30,S34MS02G204BHI013,03 13 IN. TAPE&REEL,X64,UTS JIT Schedule,2025-03-26,,,,,,2512
VBM063,98799A1E,PF-41205 06D,1S524502EM1,10060,Top_Mark_After_Test_Inspection,2025-03-30,S34MS02G204BHI013,03 13 IN. TAPE&REEL,X64,UTS JIT Schedule,2025-03-27,,,,,,2513
VBM063,98799A1E,PF-41205 06D,1S525116EM1,22852,Test1,2025-03-30,S34MS02G204BHI013,03 13 IN. TAPE&REEL,X64,UTS JIT Schedule,2025-03-28,,,,,,2513
VBU056,98290B2L,PF-82335 06M,1S525045EM1,3467,Test1,2025-04-02,170-0157-000,03 13 IN. TAPE&REEL,V5500-384,AssyPending,2025-03-28,,,,,,2513
VBU056,98741B2L,PF-79916 06C,1S524571EM1,3146,Test1,2025-04-02,S29GL128S10GHIV20,0010 TRAY,V5500-384,AssyPending,2025-03-27,,,,,,2512
VCF048,7CP62136G,PF-77416 06D,1S525137EM1,4147,Pack_TR,2025-04-02,CY62136FV30LL-45BVXIT,"03 13 IN. TAPE&REEL 4"" HUB SIZE",T5581,AssyPending,2025-03-25,,,,,,2507
VDM096,7CP645001B,PF-77178 06D,1S524405EM1,27434,Ball_Vision_Inspection_TR,2025-04-02,CYPD5225-96BZXIT,"0N 13 IN. TAPE&REEL 7"" HUB SIZE",MAG2,UTS JIT Schedule,2025-03-26,,,,,,2507
VDM096,7CP645001B,PF-77178 06D,1S524406EM1,25390,Test1,2025-04-02,CYPD5225-96BZXIT,"0N 13 IN. TAPE&REEL 7"" HUB SIZE",MAG2,UTS JIT Schedule,2025-03-28,,,,,,2507
VDM100,7A07501D,PF-65434 06Y,1S518239EM1,2174,Test2,2025-04-02,CYUSB2304-BVXAT,"0N 13 IN. TAPE&REEL 7"" HUB SIZE",MAG1,UTS JIT Schedule,2025-03-21,Y,,Parameter violations occurred at:ELEC!,,,2501
VDM100,7A07501D,PF-65434 06Y,1S518239EN0,2172,QAEXCEL1,2025-04-02,CYUSB2304-BVXAT,"0N 13 IN. TAPE&REEL 7"" HUB SIZE",MAG1,UTS JIT Schedule,2025-03-21,,,,,,2501
VDM100,7A07501D,PF-65434 06Y,1S518239EN1,2200,Subcon_Outgoing_BurnIn,2025-04-02,CYUSB2304-BVXAT,"0N 13 IN. TAPE&REEL 7"" HUB SIZE",MAG1,UTS JIT Schedule,2025-03-21,,,,,,2501
VLD063,T463ADUM,PF-46959 06M,1S523546EM1,5512,Test2,2025-03-28,S34MS08G201BHV000,00 TRAY PKGED,X128,UTS JIT Schedule,2025-03-25,,,,,,2512
VLD063,T463ADUM,PF-46959 06M,1S523546EN8,4811,Test2,2025-03-28,S34MS08G201BHV000,00 TRAY PKGED,X128,UTS JIT Schedule,2025-03-24,,,,,,2512
VLD063,T463ADUM,PF-46959 06M,1S523562EM1,4563,Test2,2025-03-30,S34MS08G201BHV000,00 TRAY PKGED,X128,UTS JIT Schedule,2025-03-26,,,,,,2512
VLD063,T463ADUM,PF-46959 06M,1S523562EN7,4297,Test2,2025-03-30,S34MS08G201BHV000,00 TRAY PKGED,X128,UTS JIT Schedule,2025-03-26,,,,,,2512
VLD063,T463ADUM,PF-46959 06M,1S523564EM1,3809,Test1,2025-03-30,S34MS08G201BHV000,00 TRAY PKGED,X128,UTS JIT Schedule,2025-03-28,,,,,,2512
VLD063,T463ADUM,PF-46959 06M,1S523564EN9,3360,Lot_Preparation,2025-03-30,S34MS08G201BHV000,00 TRAY PKGED,X128,UTS JIT Schedule,2025-03-28,,,,,,2512
VLD063,T463ADUM,PF-46959 06M,1S523564EO0,3360,Lot_Preparation,2025-03-30,S34MS08G201BHV000,00 TRAY PKGED,X128,UTS JIT Schedule,2025-03-28,,,,,,2512
VLD063,T463ADUM,PF-46959 06M,1S523568EM1,3468,Test1,2025-03-30,S34MS08G201BHV000,00 TRAY PKGED,X128,UTS JIT Schedule,2025-03-27,,,,,,2512
VLD063,T463ADUM,PF-46959 06M,1S523568EN8,3360,Test1,2025-03-30,S34MS08G201BHV000,00 TRAY PKGED,X128,UTS JIT Schedule,2025-03-27,,,,,,2512
VLD063,T463ADUM,PF-46959 06M,1S523568EN9,3358,Test1,2025-03-30,S34MS08G201BHV000,00 TRAY PKGED,X128,UTS JIT Schedule,2025-03-27,,,,,,2512
VZC124,8CPS40000F,PF-87092 06D,1S524770EM1,5161,Test1,2025-04-02,CY8C6247BZI-D34T,"0N 13 IN. TAPE&REEL 7"" HUB SIZE",MAG1,UTS JIT Schedule,2025-03-27,,,,,,2507
VZC124,8CPS40200B,PF-87052 06D,1S521393EM1,3816,Test10,2025-04-02,CY8C614ABZI-S2F04T,"0N 13 IN. TAPE&REEL 7"" HUB SIZE",,,,Y,S.3/25 test 8CS4020B.QAI @25,already QA 100% yield=99.97% prog.8CS4020B.QAI @25 hold lot after test10 wait for PE (kulpariya P.),,,2507
WND008,98SZ1A2,,1S526267EM1,7890,Untested_Store,2025-04-02,S25FS128SDSNFI103,03 13 IN. TAPE&REEL,V5500-384,SPI&FIMK,2025-03-29,,,,,,2510
WND008,98SZ2A,PF-49877 06C,1S526160EM1,8306,Lot_Preparation,2025-04-02,S25FL128LAGNFI013,03 13 IN. TAPE&REEL,V5500-384,SPI&FIMK,2025-03-29,,,,,,2510
WYA008,98467BS,PF-83656 06C,1S524400EM1,14880,Test1,2025-03-28,S35ML04G300WHI000,00 TRAY PKGED,X128,UTS JIT Schedule,2025-03-26,,,,,,2512
WYA008,98467BS,PF-83656 06C,1S524401EM1,24569,Top_Mark_After_Test,2025-03-28,S35ML04G300WHI000,00 TRAY PKGED,X128,UTS JIT Schedule,2025-03-26,,,,,,2512
WYA008,98467BS,PF-83656 06C,1S524402EM1,10690,Lot_Preparation,2025-03-29,S35ML04G300WHI000,00 TRAY PKGED,X128,UTS JIT Schedule,2025-03-27,,,,,,2512
WYA008,98467BS,PF-83656 06C,1S524485EM1,14229,Lot_Preparation,2025-03-29,S35ML04G300WHI000,00 TRAY PKGED,X128,UTS JIT Schedule,2025-03-27,,,,,,2512
WYA008,98467BS,PF-83656 06C,1S524486EM1,30129,Lot_Preparation,2025-03-30,S35ML04G300WHI000,00 TRAY PKGED,X128,UTS JIT Schedule,2025-03-28,,,,,,2512
WYA008,98467BS,PF-83656 06C,1S524487EM1,8863,Lot_Preparation,2025-03-30,S35ML04G300WHI000,00 TRAY PKGED,X128,AssyPending,2025-03-27,,,,,,2513
ZSA024,TUZ0A3NUQ,PF-83948 06M,1S523735EM1,12500,Dry_Pack,2025-04-02,28683084,03 13 IN. TAPE&REEL,V5500-320,UTS JIT Schedule,2025-03-23,,,,,,2511/2511
ZSA024,TUZ0A3NUQ,PF-83948 06M,1S523735EN0,9720,Ball_Vision_Inspection_TR,2025-04-02,28683084,03 13 IN. TAPE&REEL,V5500-320,UTS JIT Schedule,2025-03-23,,,,,,2511
ZSA024,TUZ0A3NUQ,PF-83948 06M,1S523743EM1,12212,Ball_Vision_Inspection_TR,2025-04-02,28683084,03 13 IN. TAPE&REEL,V5500-320,UTS JIT Schedule,2025-03-24,,,,,,2511
ZSA024,TUZ0A3NUQ,PF-83948 06M,1S523743EN0,10563,Test2,2025-04-02,28683084,03 13 IN. TAPE&REEL,V5500-320,UTS JIT Schedule,2025-03-24,Y,,Parameter violations occurred at:IN_31104_MISSINGUNIT!,,,2511
ZSA024,TUZ0A3NUQ,PF-83948 06M,1S523746EM1,10820,Test2,2025-04-02,28683084,03 13 IN. TAPE&REEL,V5500-320,UTS JIT Schedule,2025-03-25,,,,,,2512
ZSA024,TUZ0A3NUQ,PF-83948 06M,1S523749EM1,12209,Test2,2025-04-02,28683084,03 13 IN. TAPE&REEL,V5500-320,UTS JIT Schedule,2025-03-26,,,,,,2512
ZSA024,TUZ0A3NUQ,PF-83948 06M,1S523749EN0,10531,Test2,2025-04-02,28683084,03 13 IN. TAPE&REEL,V5500-320,UTS JIT Schedule,2025-03-25,,,,,,2512
ZSA024,TUZ0A3UQ,PF-84990 06M,1S523648EM1,5438,Test2,2025-04-02,S70FS01GSDSBHB213,03 13 IN. TAPE&REEL,V5500-320,UTS JIT Schedule,2025-03-22,Y,S 3/7 test G5UZ0XUQD @-40C,Tester error MATRIX /DSI IS NOT CLOCKED TO HANDLER,,,2511
ZSC024,SWZ1A1VQ,PF-78597 06M,1S522587EM1,5145,QAEXCEL1,2025-04-02,S25HS02GTDPBHB050CL,0005 TRAY,M2X-480,UTS JIT Schedule,2025-03-22,,,,,,2510
ZSC024,SWZ1A1VQ,PF-78597 06M,1S523665EM1,2789,Test1,2025-04-02,S25HS02GTDPBHB050CL,0005 TRAY,M2X-480,UTS JIT Schedule,2025-03-23,Y,,,,,2511
ZSC024,SWZ1A5VQ,PF-82960 06M,1S524581EM1,5494,QAEXCEL1,2025-04-02,S25HS02GTDPBHV153,03 13 IN. TAPE&REEL,MAG5,UTS JIT Schedule,2025-03-25,,,,,,2512
ZSC024,SWZ1A5VR,PF-84062 06M,1S524677EM1,17003,Test1,2025-04-02,457777-1030,00 TRAY PKGED,MAG5,UTS JIT Schedule,2025-03-29,,,,,,2512
ZSC024,SWZ1A5VR,PF-84062 06M,1S524689EM1,10421,Test1,2025-04-02,457777-1030,00 TRAY PKGED,MAG5,UTS JIT Schedule,2025-03-29,,,,,,2512
ZSC024,SWZ1A5VR,PS_A_SWZ1A5VRZSC024V2,1S524660EM1,11430,Untested_Store,2025-04-02,,,MAG5,UTS JIT Schedule,2025-03-31,,,,,,2512
ZSC024,SWZ1A5VR,PS_A_SWZ1A5VRZSC024V2,1S524660EN4,10400,Untested_Store,2025-04-02,,,MAG5,UTS JIT Schedule,2025-03-30,,,,,,2512
